Amplitude Max;Amplitude Min;Vitesse Max;Vitesse Min;Vitesse Moy;Nb poing;
85.1179428100586;0.000823974609375;10983.78;-7032.417;92.28529;0;
